{
    "anims": [
        {
            "key": "explosion",
            "type": "frame",
            "frames": [
                {
                    "key": "explosion (1)",
                    "duration": 0,
                    "keyframe": false
                },
                {
                    "key": "explosion (2)",
                    "duration": 0,
                    "keyframe": false
                },
                {
                    "key": "explosion (3)",
                    "duration": 0,
                    "keyframe": false
                },
                {
                    "key": "explosion (4)",
                    "duration": 0,
                    "keyframe": false
                },
                {
                    "key": "explosion (5)",
                    "duration": 0,
                    "keyframe": false
                },
                {
                    "key": "explosion (6)",
                    "duration": 0,
                    "keyframe": false
                },
                {
                    "key": "explosion (7)",
                    "duration": 0,
                    "keyframe": false
                },
                {
                    "key": "explosion (8)",
                    "duration": 0,
                    "keyframe": false
                },
                {
                    "key": "explosion (9)",
                    "duration": 0,
                    "keyframe": false
                },
                {
                    "key": "explosion (10)",
                    "duration": 0,
                    "keyframe": false
                },
                {
                    "key": "explosion (11)",
                    "duration": 0,
                    "keyframe": false
                },
                {
                    "key": "explosion (12)",
                    "duration": 0,
                    "keyframe": false
                },
                {
                    "key": "explosion (13)",
                    "duration": 0,
                    "keyframe": false
                },
                {
                    "key": "explosion (14)",
                    "duration": 0,
                    "keyframe": false
                },
                {
                    "key": "explosion (15)",
                    "duration": 0,
                    "keyframe": false
                },
                {
                    "key": "explosion (16)",
                    "duration": 0,
                    "keyframe": false
                },
                {
                    "key": "explosion (17)",
                    "duration": 0,
                    "keyframe": false
                },
                {
                    "key": "explosion (18)",
                    "duration": 0,
                    "keyframe": false
                },
                {
                    "key": "explosion (19)",
                    "duration": 0,
                    "keyframe": false
                },
                {
                    "key": "explosion (20)",
                    "duration": 0,
                    "keyframe": false
                },
                {
                    "key": "explosion (21)",
                    "duration": 0,
                    "keyframe": false
                },
                {
                    "key": "explosion (22)",
                    "duration": 0,
                    "keyframe": false
                },
                {
                    "key": "explosion (23)",
                    "duration": 0,
                    "keyframe": false
                },
                {
                    "key": "explosion (24)",
                    "duration": 0,
                    "keyframe": false
                },
                {
                    "key": "explosion (25)",
                    "duration": 0,
                    "keyframe": false
                },
                {
                    "key": "explosion (26)",
                    "duration": 0,
                    "keyframe": false
                },
                {
                    "key": "explosion (27)",
                    "duration": 0,
                    "keyframe": false
                },
                {
                    "key": "explosion (28)",
                    "duration": 0,
                    "keyframe": false
                },
                {
                    "key": "explosion (29)",
                    "duration": 0,
                    "keyframe": false
                },
                {
                    "key": "explosion (30)",
                    "duration": 0,
                    "keyframe": false
                },
                {
                    "key": "explosion (31)",
                    "duration": 0,
                    "keyframe": false
                },
                {
                    "key": "explosion (32)",
                    "duration": 0,
                    "keyframe": false
                },
                {
                    "key": "explosion (33)",
                    "duration": 0,
                    "keyframe": false
                }
            ],
            "frameRate": 60,
            "hideOnComplete": true
        }
    ],
    "globalTimeScale": 1,
    "meta": {
        "app": "Phaser Editor 2D v3",
        "contentType": "Phaser v3 Animations"
    }
}