{
    "intro": [
        "No, no. Wait. Guys. I have an idea.",
        "So there's this foundation, right?",
        "And in this date a bunch of creatures contained with them want to escape."
    ],
    "clicheRight": [
        "Cliche, right?"
    ],
    "scp173": [
        "Guys. I had an idea.",
        "So there's this creature, right? It can move super fast, but only when it's not seen. Cliche, right?",
        "And it's releasing this gross ichy stuff, so you have to clean it up, right?",
        "And so wait, guys, it needs AT LEAST 3 people to do it."
    ],
    "scp173_2": [
        "Guys. Guys. So that creature, right?",
        "Somehow it's been called a peanut, even tho it's not a peanut.",
        "Cliche, right?  And it used to have a much different shape!!",
        "Oh, and and this one time it fought a strong lizard for hours, and none of them won!"
    ],
    "scp5153": [
        "Guys. No wait. I have a better idea!",
        "So there's this meteor, right?",
        "And it's super big, and it just whooosh goes straight into earth.",
        "But unlike in the past, it actually impacts with it today!"
    ],
    "scp5153_2": [
        "Guys. Guys. So that meteor? Here's the kicker.",
        "In the past it never collided with earth, disappearing at some kilometers from impact and just disappearing,",
        "so this foundation never had to deal with it. Except for today!"
    ],
    "gameOver": [
        "No wait. Guys. Scrap all that.",
        "So the whole world is actually in danger",
        "because all these anomalies just killed all the personnel from the foundation and escaped...",
        "It looks like this weird alien guy will be next to escape",
        "finally telling his terrible cliche stories all over the empty world!!",
        "Cliche, right?"
    ]
}