{"frames":[{"filename":"sprite1","frame":{"x":90,"y":36,"w":73,"h":92},"rotated":false,"trimmed":false,"spriteSourceSize":{"x":0,"y":0,"w":73,"h":92},"sourceSize":{"w":73,"h":92}},{"filename":"sprite2","frame":{"x":164,"y":36,"w":66,"h":92},"rotated":false,"trimmed":false,"spriteSourceSize":{"x":0,"y":0,"w":66,"h":92},"sourceSize":{"w":66,"h":92}},{"filename":"sprite3","frame":{"x":16,"y":37,"w":72,"h":93},"rotated":false,"trimmed":false,"spriteSourceSize":{"x":0,"y":0,"w":72,"h":93},"sourceSize":{"w":72,"h":93}},{"filename":"sprite4","frame":{"x":234,"y":39,"w":72,"h":93},"rotated":false,"trimmed":false,"spriteSourceSize":{"x":0,"y":0,"w":72,"h":93},"sourceSize":{"w":72,"h":93}},{"filename":"sprite5","frame":{"x":231,"y":133,"w":72,"h":89},"rotated":false,"trimmed":false,"spriteSourceSize":{"x":0,"y":0,"w":72,"h":89},"sourceSize":{"w":72,"h":89}},{"filename":"sprite6","frame":{"x":84,"y":134,"w":66,"h":92},"rotated":false,"trimmed":false,"spriteSourceSize":{"x":0,"y":0,"w":66,"h":92},"sourceSize":{"w":66,"h":92}},{"filename":"sprite7","frame":{"x":151,"y":134,"w":73,"h":92},"rotated":false,"trimmed":false,"spriteSourceSize":{"x":0,"y":0,"w":73,"h":92},"sourceSize":{"w":73,"h":92}},{"filename":"sprite8","frame":{"x":8,"y":137,"w":72,"h":89},"rotated":false,"trimmed":false,"spriteSourceSize":{"x":0,"y":0,"w":72,"h":89},"sourceSize":{"w":72,"h":89}},{"filename":"sprite9","frame":{"x":19,"y":231,"w":66,"h":92},"rotated":false,"trimmed":false,"spriteSourceSize":{"x":0,"y":0,"w":66,"h":92},"sourceSize":{"w":66,"h":92}},{"filename":"sprite11","frame":{"x":167,"y":232,"w":78,"h":93},"rotated":false,"trimmed":false,"spriteSourceSize":{"x":0,"y":0,"w":78,"h":93},"sourceSize":{"w":78,"h":93}},{"filename":"sprite10","frame":{"x":93,"y":233,"w":66,"h":92},"rotated":false,"trimmed":false,"spriteSourceSize":{"x":0,"y":0,"w":66,"h":92},"sourceSize":{"w":66,"h":92}},{"filename":"sprite12","frame":{"x":247,"y":242,"w":89,"h":84},"rotated":false,"trimmed":false,"spriteSourceSize":{"x":0,"y":0,"w":89,"h":84},"sourceSize":{"w":89,"h":84}},{"filename":"sprite13","frame":{"x":11,"y":333,"w":94,"h":71},"rotated":false,"trimmed":false,"spriteSourceSize":{"x":0,"y":0,"w":94,"h":71},"sourceSize":{"w":94,"h":71}},{"filename":"sprite14","frame":{"x":113,"y":337,"w":92,"h":66},"rotated":false,"trimmed":false,"spriteSourceSize":{"x":0,"y":0,"w":92,"h":66},"sourceSize":{"w":92,"h":66}}],"meta":{"app":"https://www.leshylabs.com/apps/sstool/","version":"Leshy SpriteSheet Tool v0.8.4","image":"spritesheet.png","size":{"w":512,"h":512},"scale":1}}