{"frames":[{"filename":"sprite2","frame":{"x":60,"y":6,"w":28,"h":33},"rotated":false,"trimmed":false,"spriteSourceSize":{"x":0,"y":0,"w":28,"h":33},"sourceSize":{"w":28,"h":33}},{"filename":"sprite3","frame":{"x":108,"y":6,"w":28,"h":33},"rotated":false,"trimmed":false,"spriteSourceSize":{"x":0,"y":0,"w":28,"h":33},"sourceSize":{"w":28,"h":33}},{"filename":"sprite1","frame":{"x":12,"y":7,"w":28,"h":32},"rotated":false,"trimmed":false,"spriteSourceSize":{"x":0,"y":0,"w":28,"h":32},"sourceSize":{"w":28,"h":32}},{"filename":"sprite4","frame":{"x":156,"y":7,"w":28,"h":32},"rotated":false,"trimmed":false,"spriteSourceSize":{"x":0,"y":0,"w":28,"h":32},"sourceSize":{"w":28,"h":32}},{"filename":"sprite5","frame":{"x":204,"y":7,"w":28,"h":32},"rotated":false,"trimmed":false,"spriteSourceSize":{"x":0,"y":0,"w":28,"h":32},"sourceSize":{"w":28,"h":32}}],"meta":{"app":"https://www.leshylabs.com/apps/sstool/","version":"Leshy SpriteSheet Tool v0.8.4","image":"spritesheet.png","size":{"w":240,"h":48},"scale":1}}