{
       "frames":[
          {
             "filename":"sprite1",
             "frame":{
                "x":0,
                "y":0,
                "w":32,
                "h":64
             },
             "rotated":false,
             "trimmed":false,
             "spriteSourceSize":{
                "x":0,
                "y":0,
                "w":32,
                "h":64
             },
             "sourceSize":{
                "w":32,
                "h":64
             }
          },
          {
             "filename":"sprite2",
             "frame":{
                "x":43,
                "y":0,
                "w":32,
                "h":64
             },
             "rotated":false,
             "trimmed":false,
             "spriteSourceSize":{
                "x":0,
                "y":0,
                "w":32,
                "h":64
             },
             "sourceSize":{
                "w":32,
                "h":64
             }
          }
       ],
       "meta":{
          "app":"https://www.leshylabs.com/apps/sstool/",
          "version":"Leshy SpriteSheet Tool v0.8.4",
          "image":"spritesheet.png",
          "size":{
             "w":75,
             "h":64
          },
          "scale":1
       }
    }