{"frames":[{"filename":"sprite1","frame":{"x":18,"y":19,"w":177,"h":171},"rotated":false,"trimmed":false,"spriteSourceSize":{"x":0,"y":0,"w":177,"h":171},"sourceSize":{"w":177,"h":171}},{"filename":"sprite2","frame":{"x":195,"y":19,"w":177,"h":171},"rotated":false,"trimmed":false,"spriteSourceSize":{"x":0,"y":0,"w":177,"h":171},"sourceSize":{"w":177,"h":171}},{"filename":"sprite3","frame":{"x":372,"y":19,"w":177,"h":171},"rotated":false,"trimmed":false,"spriteSourceSize":{"x":0,"y":0,"w":177,"h":171},"sourceSize":{"w":177,"h":171}},{"filename":"sprite4","frame":{"x":18,"y":189,"w":177,"h":172},"rotated":false,"trimmed":false,"spriteSourceSize":{"x":0,"y":0,"w":177,"h":172},"sourceSize":{"w":177,"h":172}},{"filename":"sprite5","frame":{"x":195,"y":189,"w":177,"h":172},"rotated":false,"trimmed":false,"spriteSourceSize":{"x":0,"y":0,"w":177,"h":172},"sourceSize":{"w":177,"h":172}},{"filename":"sprite6","frame":{"x":372,"y":189,"w":177,"h":172},"rotated":false,"trimmed":false,"spriteSourceSize":{"x":0,"y":0,"w":177,"h":172},"sourceSize":{"w":177,"h":172}},{"filename":"sprite7","frame":{"x":18,"y":360,"w":177,"h":171},"rotated":false,"trimmed":false,"spriteSourceSize":{"x":0,"y":0,"w":177,"h":171},"sourceSize":{"w":177,"h":171}}],"meta":{"app":"https://www.leshylabs.com/apps/sstool/","version":"Leshy SpriteSheet Tool v0.8.4","image":"spritesheet.png","size":{"w":561,"h":551},"scale":1}}