{"frames":[{"filename":"sprite2","frame":{"x":82,"y":21,"w":45,"h":31},"rotated":false,"trimmed":false,"spriteSourceSize":{"x":0,"y":0,"w":45,"h":31},"sourceSize":{"w":45,"h":31}},{"filename":"sprite1","frame":{"x":17,"y":23,"w":44,"h":29},"rotated":false,"trimmed":false,"spriteSourceSize":{"x":0,"y":0,"w":44,"h":29},"sourceSize":{"w":44,"h":29}},{"filename":"sprite3","frame":{"x":130,"y":33,"w":46,"h":22},"rotated":false,"trimmed":false,"spriteSourceSize":{"x":0,"y":0,"w":46,"h":22},"sourceSize":{"w":46,"h":22}}],"meta":{"app":"https://www.leshylabs.com/apps/sstool/","version":"Leshy SpriteSheet Tool v0.8.4","image":"blood.png","size":{"w":183,"h":66},"scale":1}}