{"frames":[{"filename":"sprite1","frame":{"x":1,"y":1,"w":222,"h":246},"rotated":false,"trimmed":false,"spriteSourceSize":{"x":0,"y":0,"w":222,"h":246},"sourceSize":{"w":222,"h":246}},{"filename":"sprite2","frame":{"x":227,"y":1,"w":218,"h":244},"rotated":false,"trimmed":false,"spriteSourceSize":{"x":0,"y":0,"w":218,"h":244},"sourceSize":{"w":218,"h":244}},{"filename":"sprite3","frame":{"x":449,"y":1,"w":222,"h":246},"rotated":false,"trimmed":false,"spriteSourceSize":{"x":0,"y":0,"w":222,"h":246},"sourceSize":{"w":222,"h":246}},{"filename":"sprite4","frame":{"x":673,"y":1,"w":222,"h":246},"rotated":false,"trimmed":false,"spriteSourceSize":{"x":0,"y":0,"w":222,"h":246},"sourceSize":{"w":222,"h":246}},{"filename":"sprite5","frame":{"x":897,"y":1,"w":222,"h":246},"rotated":false,"trimmed":false,"spriteSourceSize":{"x":0,"y":0,"w":222,"h":246},"sourceSize":{"w":222,"h":246}},{"filename":"sprite6","frame":{"x":1121,"y":1,"w":222,"h":246},"rotated":false,"trimmed":false,"spriteSourceSize":{"x":0,"y":0,"w":222,"h":246},"sourceSize":{"w":222,"h":246}},{"filename":"sprite7","frame":{"x":1,"y":249,"w":222,"h":246},"rotated":false,"trimmed":false,"spriteSourceSize":{"x":0,"y":0,"w":222,"h":246},"sourceSize":{"w":222,"h":246}},{"filename":"sprite8","frame":{"x":225,"y":249,"w":222,"h":246},"rotated":false,"trimmed":false,"spriteSourceSize":{"x":0,"y":0,"w":222,"h":246},"sourceSize":{"w":222,"h":246}},{"filename":"sprite9","frame":{"x":449,"y":249,"w":222,"h":246},"rotated":false,"trimmed":false,"spriteSourceSize":{"x":0,"y":0,"w":222,"h":246},"sourceSize":{"w":222,"h":246}},{"filename":"sprite10","frame":{"x":673,"y":249,"w":222,"h":246},"rotated":false,"trimmed":false,"spriteSourceSize":{"x":0,"y":0,"w":222,"h":246},"sourceSize":{"w":222,"h":246}},{"filename":"sprite11","frame":{"x":897,"y":249,"w":222,"h":246},"rotated":false,"trimmed":false,"spriteSourceSize":{"x":0,"y":0,"w":222,"h":246},"sourceSize":{"w":222,"h":246}},{"filename":"sprite12","frame":{"x":1121,"y":249,"w":222,"h":246},"rotated":false,"trimmed":false,"spriteSourceSize":{"x":0,"y":0,"w":222,"h":246},"sourceSize":{"w":222,"h":246}},{"filename":"sprite13","frame":{"x":1,"y":497,"w":222,"h":246},"rotated":false,"trimmed":false,"spriteSourceSize":{"x":0,"y":0,"w":222,"h":246},"sourceSize":{"w":222,"h":246}},{"filename":"sprite14","frame":{"x":225,"y":497,"w":222,"h":246},"rotated":false,"trimmed":false,"spriteSourceSize":{"x":0,"y":0,"w":222,"h":246},"sourceSize":{"w":222,"h":246}},{"filename":"sprite15","frame":{"x":449,"y":497,"w":222,"h":246},"rotated":false,"trimmed":false,"spriteSourceSize":{"x":0,"y":0,"w":222,"h":246},"sourceSize":{"w":222,"h":246}},{"filename":"sprite16","frame":{"x":673,"y":497,"w":222,"h":246},"rotated":false,"trimmed":false,"spriteSourceSize":{"x":0,"y":0,"w":222,"h":246},"sourceSize":{"w":222,"h":246}},{"filename":"sprite17","frame":{"x":897,"y":497,"w":222,"h":246},"rotated":false,"trimmed":false,"spriteSourceSize":{"x":0,"y":0,"w":222,"h":246},"sourceSize":{"w":222,"h":246}},{"filename":"sprite18","frame":{"x":1121,"y":497,"w":222,"h":246},"rotated":false,"trimmed":false,"spriteSourceSize":{"x":0,"y":0,"w":222,"h":246},"sourceSize":{"w":222,"h":246}},{"filename":"sprite19","frame":{"x":1,"y":745,"w":222,"h":246},"rotated":false,"trimmed":false,"spriteSourceSize":{"x":0,"y":0,"w":222,"h":246},"sourceSize":{"w":222,"h":246}},{"filename":"sprite20","frame":{"x":227,"y":745,"w":218,"h":244},"rotated":false,"trimmed":false,"spriteSourceSize":{"x":0,"y":0,"w":218,"h":244},"sourceSize":{"w":218,"h":244}},{"filename":"sprite21","frame":{"x":453,"y":745,"w":214,"h":242},"rotated":false,"trimmed":false,"spriteSourceSize":{"x":0,"y":0,"w":214,"h":242},"sourceSize":{"w":214,"h":242}},{"filename":"sprite22","frame":{"x":675,"y":745,"w":218,"h":244},"rotated":false,"trimmed":false,"spriteSourceSize":{"x":0,"y":0,"w":218,"h":244},"sourceSize":{"w":218,"h":244}},{"filename":"sprite23","frame":{"x":897,"y":745,"w":222,"h":246},"rotated":false,"trimmed":false,"spriteSourceSize":{"x":0,"y":0,"w":222,"h":246},"sourceSize":{"w":222,"h":246}},{"filename":"sprite24","frame":{"x":1121,"y":745,"w":222,"h":246},"rotated":false,"trimmed":false,"spriteSourceSize":{"x":0,"y":0,"w":222,"h":246},"sourceSize":{"w":222,"h":246}},{"filename":"sprite25","frame":{"x":1,"y":993,"w":222,"h":246},"rotated":false,"trimmed":false,"spriteSourceSize":{"x":0,"y":0,"w":222,"h":246},"sourceSize":{"w":222,"h":246}},{"filename":"sprite26","frame":{"x":225,"y":993,"w":222,"h":246},"rotated":false,"trimmed":false,"spriteSourceSize":{"x":0,"y":0,"w":222,"h":246},"sourceSize":{"w":222,"h":246}},{"filename":"sprite27","frame":{"x":449,"y":993,"w":222,"h":246},"rotated":false,"trimmed":false,"spriteSourceSize":{"x":0,"y":0,"w":222,"h":246},"sourceSize":{"w":222,"h":246}},{"filename":"sprite28","frame":{"x":673,"y":993,"w":222,"h":246},"rotated":false,"trimmed":false,"spriteSourceSize":{"x":0,"y":0,"w":222,"h":246},"sourceSize":{"w":222,"h":246}},{"filename":"sprite29","frame":{"x":897,"y":993,"w":222,"h":246},"rotated":false,"trimmed":false,"spriteSourceSize":{"x":0,"y":0,"w":222,"h":246},"sourceSize":{"w":222,"h":246}},{"filename":"sprite30","frame":{"x":1121,"y":993,"w":222,"h":246},"rotated":false,"trimmed":false,"spriteSourceSize":{"x":0,"y":0,"w":222,"h":246},"sourceSize":{"w":222,"h":246}},{"filename":"sprite31","frame":{"x":3,"y":1241,"w":218,"h":244},"rotated":false,"trimmed":false,"spriteSourceSize":{"x":0,"y":0,"w":218,"h":244},"sourceSize":{"w":218,"h":244}},{"filename":"sprite32","frame":{"x":229,"y":1241,"w":214,"h":242},"rotated":false,"trimmed":false,"spriteSourceSize":{"x":0,"y":0,"w":214,"h":242},"sourceSize":{"w":214,"h":242}}],"meta":{"app":"https://www.leshylabs.com/apps/sstool/","version":"Leshy SpriteSheet Tool v0.8.4","image":"spritesheet.png","size":{"w":1344,"h":1488},"scale":1}}